{
  "FB15k237Inductive_v1": {
    "mr": 8.05839,
    "mrr": 0.66269,
    "hits@1": 0.518248,
    "hits@3": 0.781022,
    "hits@10": 0.900243
  },
  "FB15k237Inductive_v2": {
    "mr": 7.65998,
    "mrr": 0.686485,
    "hits@1": 0.539599,
    "hits@3": 0.807814,
    "hits@10": 0.911299
  },
  "FB15k237Inductive_v3": {
    "mr": 6.91392,
    "mrr": 0.706387,
    "hits@1": 0.584055,
    "hits@3": 0.798382,
    "hits@10": 0.916233
  },
  "FB15k237Inductive_v4": {
    "mr": 6.44718,
    "mrr": 0.721929,
    "hits@1": 0.604577,
    "hits@3": 0.809859,
    "hits@10": 0.927817
  },
  "WN18RRInductive_v1": {
    "mr": 1.42091,
    "mrr": 0.833259,
    "hits@1": 0.697051,
    "hits@3": 0.991957,
    "hits@10": 1.0
  },
  "WN18RRInductive_v2": {
    "mr": 1.5,
    "mrr": 0.809679,
    "hits@1": 0.660798,
    "hits@3": 0.976526,
    "hits@10": 1.0
  },
  "WN18RRInductive_v3": {
    "mr": 1.46282,
    "mrr": 0.826679,
    "hits@1": 0.692913,
    "hits@3": 0.956255,
    "hits@10": 1.0
  },
  "WN18RRInductive_v4": {
    "mr": 1.55473,
    "mrr": 0.781058,
    "hits@1": 0.604676,
    "hits@3": 0.969182,
    "hits@10": 1.0
  },
  "NELLInductive_v1": {
    "mr": 2.1791,
    "mrr": 0.57131,
    "hits@1": 0.303483,
    "hits@3": 1.0,
    "hits@10": 1.0
  },
  "NELLInductive_v2": {
    "mr": 4.00749,
    "mrr": 0.800791,
    "hits@1": 0.727273,
    "hits@3": 0.857754,
    "hits@10": 0.91123
  },
  "NELLInductive_v3": {
    "mr": 4.21543,
    "mrr": 0.737777,
    "hits@1": 0.627161,
    "hits@3": 0.823457,
    "hits@10": 0.937037
  },
  "NELLInductive_v4": {
    "mr": 2.81133,
    "mrr": 0.797521,
    "hits@1": 0.714582,
    "hits@3": 0.852799,
    "hits@10": 0.946786
  },
  "ILPC2022_small": {
    "mr": 1.49001,
    "mrr": 0.905482,
    "hits@1": 0.848725,
    "hits@3": 0.95796,
    "hits@10": 0.987939
  },
  "ILPC2022_large": {
    "mr": 1.77897,
    "mrr": 0.853511,
    "hits@1": 0.774352,
    "hits@3": 0.923016,
    "hits@10": 0.981441
  },
  "HM_1k": {
    "mr": 1.92017,
    "mrr": 0.687826,
    "hits@1": 0.462185,
    "hits@3": 0.92437,
    "hits@10": 1.0
  },
  "HM_3k": {
    "mr": 1.93477,
    "mrr": 0.689938,
    "hits@1": 0.464789,
    "hits@3": 0.909563,
    "hits@10": 1.0
  },
  "HM_5k": {
    "mr": 1.86347,
    "mrr": 0.700223,
    "hits@1": 0.474105,
    "hits@3": 0.9242,
    "hits@10": 1.0
  },
  "HM_indigo": {
    "mr": 2.9896,
    "mrr": 0.822162,
    "hits@1": 0.739265,
    "hits@3": 0.885937,
    "hits@10": 0.958803
  },
  "FBIngram_25": {
    "mr": 5.71868,
    "mrr": 0.790341,
    "hits@1": 0.70119,
    "hits@3": 0.86739,
    "hits@10": 0.929496
  },
  "FBIngram_50": {
    "mr": 6.39933,
    "mrr": 0.756595,
    "hits@1": 0.657902,
    "hits@3": 0.842743,
    "hits@10": 0.917505
  },
  "FBIngram_75": {
    "mr": 5.70702,
    "mrr": 0.79136,
    "hits@1": 0.705409,
    "hits@3": 0.86349,
    "hits@10": 0.929491
  },
  "FBIngram_100": {
    "mr": 2.08888,
    "mrr": 0.912089,
    "hits@1": 0.863031,
    "hits@3": 0.957922,
    "hits@10": 0.973809
  },
  "WKIngram_25": {
    "mr": 1.84527,
    "mrr": 0.931177,
    "hits@1": 0.89832,
    "hits@3": 0.959328,
    "hits@10": 0.980548
  },
  "WKIngram_50": {
    "mr": 2.30388,
    "mrr": 0.910644,
    "hits@1": 0.867287,
    "hits@3": 0.948527,
    "hits@10": 0.968372
  },
  "WKIngram_75": {
    "mr": 2.07955,
    "mrr": 0.93046,
    "hits@1": 0.902972,
    "hits@3": 0.95979,
    "hits@10": 0.972902
  },
  "WKIngram_100": {
    "mr": 1.75423,
    "mrr": 0.920368,
    "hits@1": 0.888568,
    "hits@3": 0.941504,
    "hits@10": 0.968639
  },
  "NLIngram_0": {
    "mr": 6.94626,
    "mrr": 0.655546,
    "hits@1": 0.521625,
    "hits@3": 0.757536,
    "hits@10": 0.89384
  },
  "NLIngram_25": {
    "mr": 5.85618,
    "mrr": 0.751396,
    "hits@1": 0.633065,
    "hits@3": 0.865591,
    "hits@10": 0.932796
  },
  "NLIngram_50": {
    "mr": 4.44354,
    "mrr": 0.77668,
    "hits@1": 0.684517,
    "hits@3": 0.85099,
    "hits@10": 0.933644
  },
  "NLIngram_75": {
    "mr": 4.5799,
    "mrr": 0.797633,
    "hits@1": 0.706755,
    "hits@3": 0.871499,
    "hits@10": 0.947282
  },
  "NLIngram_100": {
    "mr": 1.50441,
    "mrr": 0.886797,
    "hits@1": 0.805801,
    "hits@3": 0.960908,
    "hits@10": 0.993695
  },
  "WikiTopicsMT1_tax": {
    "mr": 1.01908,
    "mrr": 0.993048,
    "hits@1": 0.987459,
    "hits@3": 0.998364,
    "hits@10": 1.0
  },
  "WikiTopicsMT1_health": {
    "mr": 1.24074,
    "mrr": 0.905981,
    "hits@1": 0.835888,
    "hits@3": 0.992976,
    "hits@10": 1.0
  },
  "WikiTopicsMT2_org": {
    "mr": 1.03933,
    "mrr": 0.985317,
    "hits@1": 0.973781,
    "hits@3": 0.997542,
    "hits@10": 1.0
  },
  "WikiTopicsMT2_sci": {
    "mr": 1.06667,
    "mrr": 0.983582,
    "hits@1": 0.972121,
    "hits@3": 0.992727,
    "hits@10": 0.998182
  },
  "WikiTopicsMT3_art": {
    "mr": 1.83778,
    "mrr": 0.877556,
    "hits@1": 0.820109,
    "hits@3": 0.923225,
    "hits@10": 0.970446
  },
  "WikiTopicsMT3_infra": {
    "mr": 1.17505,
    "mrr": 0.951363,
    "hits@1": 0.919751,
    "hits@3": 0.982121,
    "hits@10": 0.998753
  },
  "WikiTopicsMT4_sci": {
    "mr": 1.13112,
    "mrr": 0.97004,
    "hits@1": 0.949568,
    "hits@3": 0.990634,
    "hits@10": 0.997839
  },
  "WikiTopicsMT4_health": {
    "mr": 1.14093,
    "mrr": 0.957087,
    "hits@1": 0.925426,
    "hits@3": 0.98943,
    "hits@10": 0.998826
  },
  "Metafam_None": {
    "mr": 3.6087,
    "mrr": 0.330396,
    "hits@1": 0.0326087,
    "hits@3": 0.548913,
    "hits@10": 1.0
  },
  "FBNELL_None": {
    "mr": 5.75377,
    "mrr": 0.753717,
    "hits@1": 0.628141,
    "hits@3": 0.865997,
    "hits@10": 0.939698
  },
  "CoDExSmall": {
    "mr": 1.35667,
    "mrr": 0.936253,
    "hits@1": 0.900985,
    "hits@3": 0.96663,
    "hits@10": 0.992888
  },
  "CoDExLarge": {
    "mr": 1.67827,
    "mrr": 0.857705,
    "hits@1": 0.756907,
    "hits@3": 0.956796,
    "hits@10": 0.988766
  },
  "NELL995": {
    "mr": 20.9503,
    "mrr": 0.514677,
    "hits@1": 0.394961,
    "hits@3": 0.592619,
    "hits@10": 0.748403
  },
  "DBpedia100k": {
    "mr": 7.97016,
    "mrr": 0.739887,
    "hits@1": 0.615,
    "hits@3": 0.84164,
    "hits@10": 0.93632
  },
  "ConceptNet100k": {
    "mr": 2.41417,
    "mrr": 0.642451,
    "hits@1": 0.445833,
    "hits@3": 0.795833,
    "hits@10": 0.989167
  },
  "NELL23k": {
    "mr": 6.45517,
    "mrr": 0.771772,
    "hits@1": 0.679322,
    "hits@3": 0.845113,
    "hits@10": 0.926696
  },
  "YAGO310": {
    "mr": 1.5424,
    "mrr": 0.804929,
    "hits@1": 0.633,
    "hits@3": 0.9728,
    "hits@10": 0.995
  },
  "Hetionet": {
    "mr": 1.27419,
    "mrr": 0.899298,
    "hits@1": 0.824896,
    "hits@3": 0.987797,
    "hits@10": 0.999662
  },
  "WDsinger": {
    "mr": 4.77304,
    "mrr": 0.711003,
    "hits@1": 0.586473,
    "hits@3": 0.81616,
    "hits@10": 0.905583
  },
  "AristoV4": {
    "mr": 25.3888,
    "mrr": 0.426108,
    "hits@1": 0.3106,
    "hits@3": 0.4676,
    "hits@10": 0.66395
  },
  "FB15k237_10": {
    "mr": 6.05306,
    "mrr": 0.783146,
    "hits@1": 0.695372,
    "hits@3": 0.85449,
    "hits@10": 0.92876
  },
  "FB15k237_20": {
    "mr": 4.63259,
    "mrr": 0.818391,
    "hits@1": 0.743224,
    "hits@3": 0.875455,
    "hits@10": 0.948119
  },
  "FB15k237_50": {
    "mr": 3.78621,
    "mrr": 0.849504,
    "hits@1": 0.7932,
    "hits@3": 0.886144,
    "hits@10": 0.958916
  }
}